event_id,timestamp_utc,command_line,user_name,is_admin,exit_code,malicious_score
86592,2025-10-21 21:06:01.544833,sudo su,johndoe,0,0,41
23085,2025-10-22 12:51:20.544833,echo '12345' | sudo -S shutdown -h now,guest,0,0,59
71022,2025-10-21 18:42:16.544833,curl http://malicious-site.com,root,0,1,53
32790,2025-10-22 16:01:50.544833,curl http://malicious-site.com,admin,1,255,65
64575,2025-10-22 09:15:06.544833,ps aux,user1,0,0,23
67707,2025-10-21 19:24:09.544833,ls | grep secret,johndoe,0,0,18
30070,2025-10-22 12:33:12.544833,chmod 777 /etc/passwd,admin,1,255,91
96696,2025-10-21 20:57:43.544833,chmod 777 /etc/passwd,user1,0,255,97
88229,2025-10-22 13:46:42.544833,wget https://example.com,root,0,1,62
50744,2025-10-22 14:12:46.544833,echo 'test' > /tmp/test.txt,guest,0,0,22
16988,2025-10-22 15:30:39.544833,curl http://malicious-site.com,johndoe,0,1,55
43640,2025-10-21 18:25:13.544833,chmod +x exploit.sh,johndoe,0,255,40
83839,2025-10-22 00:08:50.544833,echo '12345' | sudo -S shutdown -h now,admin,1,1,51
62160,2025-10-22 15:51:25.544833,wget https://example.com,user1,0,255,51
29268,2025-10-22 07:25:48.544833,wget https://example.com,user1,0,1,56
92291,2025-10-22 10:56:41.544833,echo 'test' > /tmp/test.txt,guest,0,1,28
34773,2025-10-22 16:36:24.544833,echo 'admin' | sudo -S passwd,admin,1,0,40
23493,2025-10-22 01:18:45.544833,chmod 777 /etc/passwd,user1,0,1,96
57508,2025-10-21 20:23:52.544833,wget https://example.com,guest,0,1,60
21533,2025-10-22 01:24:49.544833,cat /etc/passwd,guest,0,0,23
89554,2025-10-21 21:55:46.544833,cat /etc/passwd,user1,0,255,25
95788,2025-10-21 17:36:54.544833,ps aux,root,0,255,3
52377,2025-10-21 22:35:04.544833,nc -lvp 4444,user1,0,255,16
41182,2025-10-21 22:36:50.544833,wget https://example.com,user1,0,255,58
77425,2025-10-21 21:22:16.544833,ls -l,johndoe,0,255,14
36864,2025-10-22 13:57:36.544833,ls -l,root,0,255,5
48017,2025-10-22 15:54:17.544833,echo '12345' | sudo -S shutdown -h now,guest,0,255,59
13421,2025-10-22 05:32:11.544833,echo 'test' > /tmp/test.txt,root,0,0,12
94399,2025-10-22 13:49:13.544833,nc -lvp 4444,admin,1,1,12
71273,2025-10-22 07:09:05.544833,echo '12345' | sudo -S shutdown -h now,user1,0,1,40
22542,2025-10-22 00:58:41.544833,chmod 777 /etc/passwd,admin,1,255,95
75139,2025-10-22 12:11:04.544833,echo '12345' | sudo -S shutdown -h now,admin,1,0,55
77776,2025-10-22 13:12:04.544833,chmod 777 /etc/passwd,admin,1,0,99
74297,2025-10-22 10:46:56.544833,sudo rm -rf /,root,0,0,91
90439,2025-10-22 03:22:19.544833,chmod +x exploit.sh,root,0,255,51
37012,2025-10-22 13:52:25.544833,wget https://example.com,root,0,0,69
22052,2025-10-22 07:17:01.544833,chmod 777 /etc/passwd,admin,1,255,86
14316,2025-10-22 16:20:31.544833,chmod 777 /etc/passwd,admin,1,0,100
55104,2025-10-21 19:57:58.544833,cat /etc/passwd,user1,0,0,21
31694,2025-10-22 04:08:01.544833,echo 'test' > /tmp/test.txt,johndoe,0,0,5
61256,2025-10-22 09:41:23.544833,nc -lvp 4444,guest,0,0,21
81392,2025-10-21 17:43:13.544833,ls -l,guest,0,1,10
39449,2025-10-21 22:10:13.544833,sudo su,root,0,255,43
86925,2025-10-21 22:57:53.544833,ps aux,admin,1,255,16
99805,2025-10-22 12:18:53.544833,echo 'test' > /tmp/test.txt,johndoe,0,0,21
78644,2025-10-22 13:11:32.544833,chmod 777 /etc/passwd,guest,0,0,94
35315,2025-10-22 15:44:18.544833,nc -lvp 4444,johndoe,0,0,28
82023,2025-10-22 01:32:55.544833,sudo rm -rf /,admin,1,255,99
51892,2025-10-22 12:28:14.544833,nc -lvp 4444,user1,0,0,28
33632,2025-10-21 19:22:52.544833,echo '12345' | sudo -S shutdown -h now,user1,0,0,41
14979,2025-10-22 08:53:28.544833,ps aux,admin,1,1,0
92573,2025-10-22 14:32:10.544833,ps aux,johndoe,0,1,27
71601,2025-10-22 09:46:22.544833,ps aux,johndoe,0,255,15
71773,2025-10-22 15:47:56.544833,ls | grep secret,guest,0,0,29
43777,2025-10-22 03:21:19.544833,echo 'test' > /tmp/test.txt,johndoe,0,255,15
49186,2025-10-22 14:29:02.544833,echo '12345' | sudo -S shutdown -h now,johndoe,0,1,59
90330,2025-10-22 03:38:47.544833,ps aux,root,0,255,24
17699,2025-10-21 20:24:01.544833,curl http://malicious-site.com,root,0,255,60
55695,2025-10-22 07:53:45.544833,sudo rm -rf /,guest,0,255,97
20222,2025-10-21 23:28:13.544833,curl http://malicious-site.com,root,0,255,54
20416,2025-10-22 03:02:26.544833,echo '12345' | sudo -S shutdown -h now,user1,0,255,45
92297,2025-10-22 14:47:53.544833,echo 'admin' | sudo -S passwd,root,0,1,42
44830,2025-10-22 10:20:11.544833,ls -l,guest,0,255,25
28042,2025-10-22 10:32:48.544833,chmod 777 /etc/passwd,admin,1,255,93
42732,2025-10-21 23:40:05.544833,echo 'admin' | sudo -S passwd,guest,0,255,44
45887,2025-10-22 15:01:27.544833,cat /etc/passwd,user1,0,1,11
64340,2025-10-21 19:43:34.544833,curl http://malicious-site.com,user1,0,255,69
31000,2025-10-22 10:35:04.544833,ls | grep secret,user1,0,0,12
73447,2025-10-22 00:37:05.544833,curl http://malicious-site.com,user1,0,1,69
51369,2025-10-22 13:22:06.544833,sudo rm -rf /,admin,1,255,92
40397,2025-10-22 01:07:26.544833,echo '12345' | sudo -S shutdown -h now,user1,0,1,46
68658,2025-10-22 16:18:13.544833,ls | grep secret,johndoe,0,1,24
66335,2025-10-21 19:07:29.544833,nc -lvp 4444,user1,0,255,14
85385,2025-10-22 06:58:20.544833,echo 'admin' | sudo -S passwd,johndoe,0,1,58
38106,2025-10-22 03:10:47.544833,chmod 777 /etc/passwd,johndoe,0,1,96
54540,2025-10-22 07:32:37.544833,echo 'test' > /tmp/test.txt,root,0,255,5
78502,2025-10-21 17:40:26.544833,ps aux,admin,1,255,3
77345,2025-10-22 12:41:58.544833,ls -l,admin,1,1,27
78726,2025-10-22 12:20:23.544833,cat /etc/passwd,root,0,0,27
35767,2025-10-22 05:00:11.544833,chmod +x exploit.sh,guest,0,1,54
74411,2025-10-22 13:04:42.544833,sudo su,admin,1,1,60
90061,2025-10-21 16:43:50.544833,ps aux,johndoe,0,255,0
55248,2025-10-22 06:45:35.544833,sudo rm -rf /,root,0,1,97
19387,2025-10-22 02:08:03.544833,ls | grep secret,user1,0,1,9
83516,2025-10-21 20:01:40.544833,sudo su,root,0,1,46
84938,2025-10-21 22:23:09.544833,echo '12345' | sudo -S shutdown -h now,johndoe,0,255,59
85332,2025-10-22 02:55:09.544833,chmod 777 /etc/passwd,guest,0,255,89
11970,2025-10-22 04:37:05.544833,nc -lvp 4444,admin,1,1,2
11469,2025-10-22 04:33:34.544833,wget https://example.com,guest,0,255,55
47346,2025-10-22 12:09:27.544833,chmod +x exploit.sh,guest,0,1,45
62021,2025-10-21 19:44:43.544833,echo 'test' > /tmp/test.txt,johndoe,0,255,5
71195,2025-10-22 05:21:07.544833,echo 'test' > /tmp/test.txt,guest,0,0,1
56205,2025-10-21 20:51:27.544833,wget https://example.com,admin,1,255,60
80928,2025-10-22 13:09:41.544833,ps aux,user1,0,1,9
53612,2025-10-21 22:19:55.544833,ls | grep secret,johndoe,0,0,11
84294,2025-10-22 12:21:44.544833,cat /etc/passwd,user1,0,0,17
83826,2025-10-22 13:36:02.544833,wget https://example.com,root,0,255,58
91376,2025-10-22 04:37:43.544833,sudo su,admin,1,255,56
24254,2025-10-21 17:08:56.544833,ps aux,johndoe,0,1,17
30334,2025-10-21 18:02:27.544833,chmod +x exploit.sh,root,0,0,41
27331,2025-10-21 18:32:37.544833,echo 'test' > /tmp/test.txt,root,0,1,6
52971,2025-10-22 07:20:56.544833,cat /etc/passwd,admin,1,255,9
71286,2025-10-22 05:11:44.544833,chmod 777 /etc/passwd,johndoe,0,255,95
61802,2025-10-21 22:39:08.544833,ls | grep secret,admin,1,0,29
27254,2025-10-22 00:41:14.544833,echo '12345' | sudo -S shutdown -h now,user1,0,0,47
90861,2025-10-22 13:28:14.544833,chmod 777 /etc/passwd,root,0,0,90
10765,2025-10-21 18:58:09.544833,cat /etc/passwd,root,0,255,26
17984,2025-10-21 21:19:49.544833,wget https://example.com,guest,0,1,67
73580,2025-10-21 21:27:23.544833,sudo su,root,0,0,60
66769,2025-10-21 19:09:49.544833,echo '12345' | sudo -S shutdown -h now,guest,0,0,55
11272,2025-10-21 21:11:18.544833,chmod 777 /etc/passwd,guest,0,255,99
63977,2025-10-22 06:23:14.544833,wget https://example.com,johndoe,0,0,58
43666,2025-10-22 01:45:27.544833,curl http://malicious-site.com,guest,0,1,65
19182,2025-10-22 07:46:57.544833,curl http://malicious-site.com,admin,1,1,58
36700,2025-10-22 02:46:21.544833,ls -l,admin,1,255,25
12928,2025-10-22 05:43:06.544833,ls -l,admin,1,0,5
38276,2025-10-22 13:59:56.544833,cat /etc/passwd,user1,0,255,28
12454,2025-10-22 11:16:14.544833,chmod +x exploit.sh,guest,0,1,60
71337,2025-10-22 02:17:56.544833,wget https://example.com,root,0,1,66
76120,2025-10-22 15:48:59.544833,ls | grep secret,user1,0,0,0
68069,2025-10-22 11:25:24.544833,curl http://malicious-site.com,johndoe,0,0,61
15024,2025-10-21 20:37:30.544833,cat /etc/passwd,admin,1,0,13
52158,2025-10-21 17:38:40.544833,sudo su,johndoe,0,255,53
61970,2025-10-21 22:05:30.544833,sudo su,root,0,255,42
90222,2025-10-22 12:28:20.544833,echo 'admin' | sudo -S passwd,johndoe,0,255,59
42231,2025-10-22 02:47:32.544833,ls | grep secret,root,0,0,23
75604,2025-10-21 21:37:47.544833,ls | grep secret,admin,1,255,18
52589,2025-10-22 04:31:33.544833,echo 'admin' | sudo -S passwd,guest,0,0,60
85628,2025-10-22 05:34:16.544833,chmod 777 /etc/passwd,user1,0,1,100
65912,2025-10-21 22:02:24.544833,ls | grep secret,johndoe,0,255,0
86189,2025-10-22 16:17:27.544833,echo 'admin' | sudo -S passwd,root,0,1,42
78132,2025-10-22 06:28:32.544833,echo '12345' | sudo -S shutdown -h now,guest,0,1,55
29968,2025-10-22 13:02:39.544833,sudo su,johndoe,0,255,47
75985,2025-10-22 12:21:11.544833,echo 'test' > /tmp/test.txt,admin,1,255,12
31723,2025-10-21 22:00:56.544833,cat /etc/passwd,johndoe,0,0,5
40260,2025-10-22 05:06:56.544833,echo 'admin' | sudo -S passwd,user1,0,255,45
27035,2025-10-21 21:45:24.544833,sudo rm -rf /,user1,0,0,100
89652,2025-10-21 18:06:05.544833,wget https://example.com,guest,0,255,55
10689,2025-10-22 06:48:40.544833,echo 'test' > /tmp/test.txt,user1,0,255,11
66974,2025-10-22 14:18:38.544833,sudo su,root,0,0,59
89029,2025-10-22 02:09:08.544833,sudo su,root,0,1,44
69987,2025-10-22 05:59:11.544833,ps aux,johndoe,0,1,11
67701,2025-10-22 05:21:48.544833,echo '12345' | sudo -S shutdown -h now,guest,0,1,46
93445,2025-10-22 14:32:06.544833,ps aux,johndoe,0,255,12
54546,2025-10-22 07:15:00.544833,echo 'test' > /tmp/test.txt,admin,1,1,4
46317,2025-10-21 17:42:15.544833,chmod +x exploit.sh,root,0,0,47
51626,2025-10-22 07:27:04.544833,ls | grep secret,admin,1,0,18
90144,2025-10-22 10:46:40.544833,ls -l,guest,0,1,1
61075,2025-10-22 15:27:29.544833,chmod +x exploit.sh,admin,1,255,40
96388,2025-10-21 17:50:25.544833,ls -l,admin,1,255,27
41579,2025-10-22 03:35:30.544833,chmod 777 /etc/passwd,guest,0,255,87
94540,2025-10-22 14:30:02.544833,echo 'test' > /tmp/test.txt,admin,1,255,24
74931,2025-10-22 16:12:23.544833,chmod 777 /etc/passwd,user1,0,0,98
94271,2025-10-21 23:16:40.544833,echo '12345' | sudo -S shutdown -h now,johndoe,0,255,40
73821,2025-10-22 14:42:50.544833,ps aux,admin,1,255,1
71775,2025-10-21 17:12:59.544833,sudo rm -rf /,johndoe,0,255,97
49561,2025-10-22 05:21:18.544833,curl http://malicious-site.com,admin,1,0,67
14372,2025-10-22 10:39:18.544833,sudo rm -rf /,root,0,0,100
95399,2025-10-22 14:22:05.544833,sudo su,admin,1,255,58
71844,2025-10-22 13:16:02.544833,sudo rm -rf /,johndoe,0,1,87
98962,2025-10-22 11:33:03.544833,ps aux,johndoe,0,255,20
84223,2025-10-21 20:56:25.544833,sudo rm -rf /,user1,0,1,100
39711,2025-10-22 09:06:19.544833,echo 'admin' | sudo -S passwd,root,0,1,42
62902,2025-10-22 02:18:14.544833,echo '12345' | sudo -S shutdown -h now,admin,1,255,41
99119,2025-10-21 19:25:32.544833,cat /etc/passwd,root,0,0,13
26356,2025-10-21 17:18:12.544833,echo 'test' > /tmp/test.txt,admin,1,255,8
32914,2025-10-22 07:53:48.544833,chmod +x exploit.sh,johndoe,0,255,48
27215,2025-10-22 08:38:52.544833,chmod 777 /etc/passwd,guest,0,255,95
69800,2025-10-22 06:08:55.544833,cat /etc/passwd,user1,0,0,3
69878,2025-10-22 01:57:50.544833,ls -l,guest,0,255,3
54481,2025-10-21 20:25:16.544833,sudo rm -rf /,guest,0,255,94
93148,2025-10-22 13:51:12.544833,wget https://example.com,johndoe,0,0,67
48959,2025-10-22 12:23:00.544833,chmod +x exploit.sh,root,0,255,53
74701,2025-10-22 03:49:27.544833,ps aux,guest,0,0,25
12437,2025-10-21 18:46:13.544833,echo 'test' > /tmp/test.txt,user1,0,255,17
92757,2025-10-22 09:39:15.544833,sudo su,user1,0,0,43
44153,2025-10-22 12:10:50.544833,chmod +x exploit.sh,guest,0,255,56
33312,2025-10-22 11:49:17.544833,wget https://example.com,root,0,0,60
39718,2025-10-21 23:15:23.544833,sudo su,user1,0,1,44
17120,2025-10-22 06:08:41.544833,cat /etc/passwd,root,0,0,29
26357,2025-10-21 21:41:51.544833,ps aux,guest,0,255,24
58324,2025-10-22 11:04:16.544833,ls -l,johndoe,0,255,7
82345,2025-10-21 20:10:52.544833,cat /etc/passwd,user1,0,1,27
69273,2025-10-22 11:15:13.544833,chmod 777 /etc/passwd,user1,0,255,100
71447,2025-10-22 06:54:33.544833,nc -lvp 4444,root,0,255,26
52502,2025-10-21 18:22:48.544833,echo 'test' > /tmp/test.txt,admin,1,255,3
75378,2025-10-21 18:34:51.544833,nc -lvp 4444,johndoe,0,0,29
84738,2025-10-22 05:07:25.544833,echo '12345' | sudo -S shutdown -h now,admin,1,255,49
44423,2025-10-22 01:01:17.544833,cat /etc/passwd,user1,0,255,15
26112,2025-10-21 19:58:51.544833,echo 'test' > /tmp/test.txt,admin,1,255,0
25956,2025-10-21 23:16:47.544833,ls | grep secret,guest,0,1,25
82906,2025-10-22 13:10:40.544833,echo 'admin' | sudo -S passwd,admin,1,1,49
42785,2025-10-22 10:19:33.544833,nc -lvp 4444,root,0,1,1
98811,2025-10-21 18:34:52.544833,nc -lvp 4444,admin,1,0,5
82069,2025-10-22 07:49:13.544833,chmod +x exploit.sh,admin,1,255,49
91503,2025-10-22 03:45:42.544833,ls | grep secret,guest,0,1,26
77860,2025-10-22 09:07:20.544833,cat /etc/passwd,user1,0,0,6
56157,2025-10-21 20:41:10.544833,cat /etc/passwd,admin,1,0,16
85310,2025-10-22 00:59:20.544833,echo 'admin' | sudo -S passwd,guest,0,255,54
98471,2025-10-21 19:53:36.544833,curl http://malicious-site.com,guest,0,0,52
30434,2025-10-22 16:07:48.544833,ls -l,johndoe,0,255,23
85600,2025-10-22 06:05:09.544833,echo 'test' > /tmp/test.txt,user1,0,1,4
98005,2025-10-22 03:53:36.544833,chmod +x exploit.sh,johndoe,0,1,47
48525,2025-10-22 09:22:54.544833,wget https://example.com,johndoe,0,1,69
35008,2025-10-22 13:34:59.544833,ls | grep secret,guest,0,255,1
89078,2025-10-22 16:34:38.544833,ls -l,guest,0,1,14
31425,2025-10-21 18:35:05.544833,chmod 777 /etc/passwd,johndoe,0,255,94
74498,2025-10-22 04:50:03.544833,ls -l,guest,0,1,9
21595,2025-10-22 11:26:45.544833,ls | grep secret,admin,1,255,3
74013,2025-10-22 04:59:55.544833,ls -l,admin,1,255,14
42816,2025-10-22 01:45:53.544833,chmod +x exploit.sh,johndoe,0,255,45
26921,2025-10-21 22:31:44.544833,curl http://malicious-site.com,johndoe,0,1,65
19908,2025-10-22 13:20:01.544833,nc -lvp 4444,guest,0,1,23
54935,2025-10-21 17:31:35.544833,curl http://malicious-site.com,admin,1,255,62
21058,2025-10-22 07:41:16.544833,chmod 777 /etc/passwd,guest,0,0,91
46780,2025-10-22 02:51:02.544833,echo '12345' | sudo -S shutdown -h now,user1,0,1,55
86516,2025-10-21 22:21:43.544833,echo 'admin' | sudo -S passwd,root,0,1,57
67580,2025-10-21 19:13:52.544833,sudo su,root,0,1,48
57291,2025-10-21 19:19:50.544833,ps aux,admin,1,0,24
69186,2025-10-22 09:05:29.544833,ps aux,root,0,1,18
16823,2025-10-22 16:12:22.544833,nc -lvp 4444,johndoe,0,1,7
33579,2025-10-22 08:01:12.544833,wget https://example.com,admin,1,255,57
60921,2025-10-22 05:54:55.544833,ls | grep secret,guest,0,0,25
71641,2025-10-22 04:12:44.544833,ls | grep secret,admin,1,0,27
41133,2025-10-21 21:26:24.544833,ls -l,admin,1,255,26
10799,2025-10-22 01:35:24.544833,chmod +x exploit.sh,user1,0,1,51
45405,2025-10-22 13:30:48.544833,sudo su,admin,1,255,50
10655,2025-10-22 06:07:32.544833,echo '12345' | sudo -S shutdown -h now,root,0,1,56
67885,2025-10-21 22:26:18.544833,ls | grep secret,root,0,0,7
79031,2025-10-21 22:01:36.544833,wget https://example.com,admin,1,1,55
74998,2025-10-21 18:16:57.544833,echo 'admin' | sudo -S passwd,admin,1,1,49
66689,2025-10-21 21:30:38.544833,echo 'test' > /tmp/test.txt,johndoe,0,0,27
13830,2025-10-21 21:15:57.544833,sudo su,root,0,1,59
25875,2025-10-21 21:21:01.544833,cat /etc/passwd,admin,1,255,18
95777,2025-10-21 18:45:11.544833,cat /etc/passwd,johndoe,0,255,9
51333,2025-10-22 08:24:47.544833,curl http://malicious-site.com,admin,1,1,59
10761,2025-10-22 03:08:45.544833,chmod 777 /etc/passwd,johndoe,0,0,90
65257,2025-10-22 01:21:39.544833,cat /etc/passwd,user1,0,1,13
29252,2025-10-22 14:12:20.544833,cat /etc/passwd,root,0,255,0
81877,2025-10-21 17:32:43.544833,echo 'admin' | sudo -S passwd,guest,0,255,40
67112,2025-10-22 12:27:30.544833,chmod +x exploit.sh,root,0,0,51
81649,2025-10-21 21:20:15.544833,curl http://malicious-site.com,user1,0,1,50
78785,2025-10-22 14:33:13.544833,chmod +x exploit.sh,user1,0,255,59
77382,2025-10-22 07:32:56.544833,nc -lvp 4444,guest,0,1,14
48363,2025-10-22 04:09:55.544833,ls | grep secret,user1,0,255,19
26617,2025-10-21 20:31:12.544833,nc -lvp 4444,user1,0,1,27
95982,2025-10-22 12:21:11.544833,ls -l,guest,0,0,22
62972,2025-10-22 02:06:37.544833,echo 'test' > /tmp/test.txt,johndoe,0,0,12
28340,2025-10-22 16:26:46.544833,sudo rm -rf /,johndoe,0,255,90
47847,2025-10-21 23:31:26.544833,ls -l,johndoe,0,1,18
10193,2025-10-21 22:06:55.544833,sudo rm -rf /,root,0,1,87
57474,2025-10-22 03:23:50.544833,echo '12345' | sudo -S shutdown -h now,guest,0,1,58
30069,2025-10-22 14:44:53.544833,sudo rm -rf /,user1,0,255,98
33679,2025-10-22 07:21:58.544833,echo 'test' > /tmp/test.txt,guest,0,255,0
37439,2025-10-21 21:11:11.544833,echo 'test' > /tmp/test.txt,root,0,255,13
87584,2025-10-22 02:30:45.544833,echo '12345' | sudo -S shutdown -h now,admin,1,0,58
87672,2025-10-21 18:53:22.544833,echo 'admin' | sudo -S passwd,guest,0,255,55
69704,2025-10-22 04:53:29.544833,ps aux,user1,0,255,15
59415,2025-10-22 11:25:35.544833,echo '12345' | sudo -S shutdown -h now,root,0,1,59
61837,2025-10-22 04:14:14.544833,echo 'test' > /tmp/test.txt,admin,1,255,23
10100,2025-10-22 11:01:13.544833,curl http://malicious-site.com,root,0,1,54
20523,2025-10-21 20:07:02.544833,cat /etc/passwd,johndoe,0,255,1
17102,2025-10-22 08:01:37.544833,ls | grep secret,root,0,255,3
14164,2025-10-21 18:26:55.544833,echo 'test' > /tmp/test.txt,admin,1,0,0
17669,2025-10-22 02:34:18.544833,chmod 777 /etc/passwd,root,0,1,87
35884,2025-10-21 22:07:31.544833,sudo rm -rf /,user1,0,1,98
87494,2025-10-21 17:44:26.544833,nc -lvp 4444,admin,1,0,7
97991,2025-10-21 23:58:52.544833,curl http://malicious-site.com,admin,1,0,68
85145,2025-10-22 07:28:02.544833,nc -lvp 4444,guest,0,0,12
91551,2025-10-22 06:49:23.544833,nc -lvp 4444,root,0,255,15
48883,2025-10-22 16:17:51.544833,echo '12345' | sudo -S shutdown -h now,guest,0,1,52
52143,2025-10-21 18:58:01.544833,sudo su,admin,1,0,45
66066,2025-10-22 11:08:26.544833,curl http://malicious-site.com,root,0,0,54
76625,2025-10-22 09:43:38.544833,curl http://malicious-site.com,root,0,1,52
67489,2025-10-22 09:52:38.544833,wget https://example.com,admin,1,1,51
56151,2025-10-22 10:45:08.544833,echo 'test' > /tmp/test.txt,admin,1,0,21
38052,2025-10-22 06:40:21.544833,chmod 777 /etc/passwd,user1,0,1,99
28344,2025-10-22 03:23:21.544833,chmod 777 /etc/passwd,johndoe,0,255,98
81817,2025-10-22 10:48:54.544833,ls -l,johndoe,0,255,29
96724,2025-10-22 14:41:53.544833,chmod +x exploit.sh,admin,1,1,47
55727,2025-10-22 01:36:54.544833,sudo rm -rf /,johndoe,0,1,87
43248,2025-10-22 15:03:12.544833,echo '12345' | sudo -S shutdown -h now,guest,0,1,56
15485,2025-10-22 15:27:23.544833,wget https://example.com,root,0,0,63
33142,2025-10-22 16:36:39.544833,ps aux,root,0,255,4
85647,2025-10-21 21:13:22.544833,ls | grep secret,root,0,255,21
40447,2025-10-22 07:28:44.544833,echo 'test' > /tmp/test.txt,root,0,255,9
32306,2025-10-22 13:59:43.544833,ls -l,guest,0,0,1
96493,2025-10-22 13:59:47.544833,chmod 777 /etc/passwd,admin,1,0,100
46679,2025-10-21 20:38:29.544833,curl http://malicious-site.com,root,0,255,60
11069,2025-10-21 21:51:27.544833,ps aux,guest,0,1,18
26021,2025-10-22 05:19:17.544833,sudo rm -rf /,guest,0,255,89
25692,2025-10-22 16:13:10.544833,sudo rm -rf /,user1,0,1,97
11675,2025-10-21 23:10:55.544833,echo '12345' | sudo -S shutdown -h now,guest,0,1,59
54700,2025-10-22 11:19:31.544833,nc -lvp 4444,root,0,0,17
15118,2025-10-21 22:46:32.544833,ls -l,johndoe,0,255,20
26942,2025-10-22 02:41:56.544833,ls -l,admin,1,255,15
18826,2025-10-22 12:21:39.544833,chmod 777 /etc/passwd,root,0,255,98
99720,2025-10-21 17:00:15.544833,ls -l,root,0,255,2
35603,2025-10-21 22:41:30.544833,ls | grep secret,user1,0,0,16
83555,2025-10-22 15:02:01.544833,curl http://malicious-site.com,user1,0,0,65
50489,2025-10-21 23:58:38.544833,sudo su,admin,1,0,58
32402,2025-10-22 07:27:39.544833,echo 'admin' | sudo -S passwd,user1,0,0,50
82721,2025-10-21 23:55:07.544833,wget https://example.com,root,0,1,52
34249,2025-10-22 16:11:28.544833,ls | grep secret,guest,0,0,21
13926,2025-10-22 06:03:38.544833,sudo su,johndoe,0,255,49
46580,2025-10-22 16:27:50.544833,sudo rm -rf /,root,0,255,100
95703,2025-10-22 16:26:24.544833,chmod +x exploit.sh,user1,0,0,47
35443,2025-10-22 07:56:03.544833,cat /etc/passwd,root,0,1,16
99389,2025-10-22 07:05:12.544833,chmod +x exploit.sh,root,0,0,59
89273,2025-10-21 22:43:37.544833,sudo rm -rf /,user1,0,255,90
83531,2025-10-21 23:29:09.544833,sudo rm -rf /,admin,1,0,97
95388,2025-10-21 22:02:24.544833,ls -l,admin,1,255,9
72707,2025-10-21 22:32:50.544833,sudo rm -rf /,user1,0,255,99
16247,2025-10-22 03:05:07.544833,ps aux,johndoe,0,1,22
42144,2025-10-21 18:07:02.544833,ls | grep secret,guest,0,0,24
18574,2025-10-21 21:02:46.544833,curl http://malicious-site.com,user1,0,255,55
31407,2025-10-22 13:06:39.544833,echo 'admin' | sudo -S passwd,user1,0,0,58
12208,2025-10-22 15:18:16.544833,sudo su,admin,1,1,54
68824,2025-10-21 18:24:57.544833,ps aux,user1,0,255,8
96461,2025-10-21 23:00:55.544833,ls | grep secret,root,0,1,10
18226,2025-10-22 07:05:11.544833,ls -l,admin,1,0,8
51559,2025-10-21 18:07:25.544833,nc -lvp 4444,user1,0,0,14
38758,2025-10-22 04:59:04.544833,echo 'test' > /tmp/test.txt,root,0,255,7
54655,2025-10-22 13:54:02.544833,chmod 777 /etc/passwd,guest,0,0,89
37342,2025-10-22 14:46:41.544833,nc -lvp 4444,root,0,255,18
37623,2025-10-21 22:50:58.544833,chmod 777 /etc/passwd,johndoe,0,0,98
68440,2025-10-22 09:50:17.544833,echo 'test' > /tmp/test.txt,johndoe,0,1,3
39692,2025-10-21 17:23:31.544833,chmod 777 /etc/passwd,root,0,255,100
72246,2025-10-22 02:05:44.544833,ls -l,johndoe,0,1,11
30200,2025-10-22 04:35:30.544833,cat /etc/passwd,johndoe,0,1,10
13038,2025-10-22 02:34:02.544833,wget https://example.com,root,0,0,66
69373,2025-10-22 05:22:56.544833,ls | grep secret,johndoe,0,1,26
60043,2025-10-22 03:12:03.544833,echo 'admin' | sudo -S passwd,guest,0,1,46
75265,2025-10-22 06:39:32.544833,nc -lvp 4444,admin,1,255,28
42049,2025-10-22 05:04:15.544833,wget https://example.com,admin,1,0,54
66797,2025-10-22 13:32:00.544833,echo '12345' | sudo -S shutdown -h now,root,0,1,53
83692,2025-10-22 08:17:16.544833,ls | grep secret,johndoe,0,1,5
55785,2025-10-22 09:47:18.544833,sudo su,root,0,0,52
65277,2025-10-21 20:07:51.544833,curl http://malicious-site.com,johndoe,0,1,65
25949,2025-10-21 21:04:02.544833,echo '12345' | sudo -S shutdown -h now,user1,0,0,52
74243,2025-10-21 21:26:03.544833,echo 'admin' | sudo -S passwd,user1,0,1,54
15655,2025-10-21 22:43:35.544833,chmod +x exploit.sh,admin,1,255,50
32084,2025-10-22 06:10:08.544833,chmod 777 /etc/passwd,admin,1,0,99
53786,2025-10-21 18:57:32.544833,sudo su,user1,0,255,53
44950,2025-10-22 16:24:19.544833,ls -l,admin,1,255,23
71783,2025-10-22 13:51:57.544833,ls | grep secret,guest,0,255,8
29413,2025-10-21 21:29:17.544833,chmod +x exploit.sh,root,0,1,40
93271,2025-10-22 14:58:03.544833,ls | grep secret,admin,1,0,28
43333,2025-10-21 22:34:56.544833,cat /etc/passwd,johndoe,0,0,6
50512,2025-10-22 10:08:04.544833,chmod +x exploit.sh,admin,1,0,54
88982,2025-10-21 20:26:19.544833,nc -lvp 4444,admin,1,0,2
70715,2025-10-22 12:36:52.544833,ls | grep secret,root,0,0,1
34239,2025-10-21 21:29:32.544833,nc -lvp 4444,root,0,1,11
14353,2025-10-22 06:32:09.544833,chmod 777 /etc/passwd,root,0,0,91
35304,2025-10-22 08:55:21.544833,ls | grep secret,admin,1,255,29
21808,2025-10-22 06:01:58.544833,ls | grep secret,user1,0,0,28
10653,2025-10-21 19:44:18.544833,ls | grep secret,root,0,255,24
18175,2025-10-22 15:45:19.544833,sudo rm -rf /,root,0,255,96
36730,2025-10-22 13:20:29.544833,sudo su,admin,1,255,51
66056,2025-10-21 19:02:45.544833,chmod +x exploit.sh,guest,0,0,53
83692,2025-10-22 09:18:59.544833,curl http://malicious-site.com,admin,1,1,61
35863,2025-10-22 11:40:48.544833,nc -lvp 4444,johndoe,0,1,4
86570,2025-10-21 22:26:24.544833,cat /etc/passwd,user1,0,255,1
88954,2025-10-22 03:36:14.544833,echo 'test' > /tmp/test.txt,johndoe,0,1,16
75596,2025-10-22 16:09:03.544833,echo 'admin' | sudo -S passwd,guest,0,0,43
75273,2025-10-21 19:55:05.544833,ps aux,root,0,0,1
64760,2025-10-22 09:13:24.544833,wget https://example.com,user1,0,0,50
10232,2025-10-22 00:33:50.544833,echo 'test' > /tmp/test.txt,guest,0,0,21
56065,2025-10-22 02:06:41.544833,curl http://malicious-site.com,guest,0,1,68
89470,2025-10-21 20:56:48.544833,chmod +x exploit.sh,user1,0,255,45
47084,2025-10-21 22:31:34.544833,sudo su,root,0,0,45
52026,2025-10-22 02:16:03.544833,nc -lvp 4444,root,0,1,27
75537,2025-10-22 10:28:44.544833,echo '12345' | sudo -S shutdown -h now,admin,1,0,40
68677,2025-10-21 22:53:48.544833,ls | grep secret,guest,0,1,7
49203,2025-10-22 00:27:50.544833,nc -lvp 4444,guest,0,1,6
89063,2025-10-22 09:00:50.544833,sudo su,admin,1,255,46
77927,2025-10-22 12:24:25.544833,curl http://malicious-site.com,root,0,255,59
78868,2025-10-22 03:43:01.544833,echo 'admin' | sudo -S passwd,guest,0,255,57
74746,2025-10-21 17:39:30.544833,sudo su,user1,0,1,42
55053,2025-10-21 19:56:19.544833,curl http://malicious-site.com,user1,0,255,63
42321,2025-10-21 23:55:22.544833,ps aux,johndoe,0,1,18
86790,2025-10-22 04:04:12.544833,echo 'test' > /tmp/test.txt,guest,0,255,21
95702,2025-10-22 04:57:26.544833,curl http://malicious-site.com,guest,0,0,50
61328,2025-10-22 01:15:19.544833,echo 'admin' | sudo -S passwd,admin,1,0,43
98252,2025-10-22 16:12:07.544833,sudo rm -rf /,johndoe,0,255,89
24026,2025-10-22 14:52:35.544833,wget https://example.com,admin,1,1,60
92968,2025-10-22 12:40:15.544833,echo '12345' | sudo -S shutdown -h now,admin,1,0,60
87741,2025-10-22 02:09:46.544833,echo '12345' | sudo -S shutdown -h now,johndoe,0,0,44
53868,2025-10-22 09:10:45.544833,curl http://malicious-site.com,admin,1,0,54
88801,2025-10-22 09:48:41.544833,chmod 777 /etc/passwd,admin,1,255,96
83589,2025-10-22 15:11:18.544833,sudo su,root,0,1,51
62977,2025-10-22 12:39:27.544833,echo 'test' > /tmp/test.txt,root,0,255,28
76381,2025-10-22 00:34:38.544833,ls | grep secret,root,0,1,10
88878,2025-10-21 20:44:52.544833,chmod 777 /etc/passwd,admin,1,0,85
74328,2025-10-21 18:06:29.544833,echo 'admin' | sudo -S passwd,user1,0,0,58
93806,2025-10-22 09:45:12.544833,sudo rm -rf /,root,0,0,100
86521,2025-10-22 16:01:26.544833,ls | grep secret,guest,0,0,5
83874,2025-10-21 18:56:32.544833,ls | grep secret,root,0,1,10
93487,2025-10-22 01:07:11.544833,curl http://malicious-site.com,admin,1,255,63
12215,2025-10-22 11:40:30.544833,cat /etc/passwd,admin,1,1,25
89084,2025-10-21 23:05:33.544833,ps aux,user1,0,1,1
90519,2025-10-22 03:08:02.544833,wget https://example.com,johndoe,0,1,54
76883,2025-10-21 22:14:06.544833,echo 'test' > /tmp/test.txt,guest,0,1,14
63150,2025-10-22 12:25:53.544833,chmod +x exploit.sh,user1,0,0,43
42482,2025-10-22 04:15:50.544833,curl http://malicious-site.com,admin,1,0,60
88939,2025-10-22 05:17:42.544833,echo 'admin' | sudo -S passwd,admin,1,1,46
61985,2025-10-22 00:28:23.544833,echo 'test' > /tmp/test.txt,admin,1,255,29
97829,2025-10-22 05:25:40.544833,echo '12345' | sudo -S shutdown -h now,guest,0,255,49
35790,2025-10-21 17:13:59.544833,ls -l,root,0,255,1
91782,2025-10-22 16:22:28.544833,sudo su,guest,0,1,55
99840,2025-10-22 05:34:02.544833,chmod +x exploit.sh,user1,0,255,55
74259,2025-10-22 12:37:59.544833,ls | grep secret,root,0,0,10
31806,2025-10-22 09:24:17.544833,chmod +x exploit.sh,johndoe,0,0,55
16620,2025-10-21 21:18:10.544833,cat /etc/passwd,user1,0,255,8
82757,2025-10-21 21:36:48.544833,echo '12345' | sudo -S shutdown -h now,johndoe,0,0,41
73652,2025-10-22 08:45:59.544833,ls | grep secret,root,0,255,13
37065,2025-10-22 14:36:55.544833,cat /etc/passwd,guest,0,255,29
97926,2025-10-22 07:12:59.544833,echo 'test' > /tmp/test.txt,guest,0,255,28
57416,2025-10-22 09:57:21.544833,sudo rm -rf /,root,0,255,95
76769,2025-10-22 01:38:36.544833,echo 'admin' | sudo -S passwd,guest,0,0,59
48356,2025-10-21 19:01:13.544833,echo 'test' > /tmp/test.txt,user1,0,0,29
96595,2025-10-22 03:59:30.544833,cat /etc/passwd,admin,1,255,22
54417,2025-10-22 09:28:22.544833,echo '12345' | sudo -S shutdown -h now,user1,0,1,57
34734,2025-10-22 12:37:54.544833,echo 'test' > /tmp/test.txt,guest,0,255,20
59203,2025-10-22 08:10:32.544833,cat /etc/passwd,guest,0,0,1
82290,2025-10-21 22:58:28.544833,echo 'test' > /tmp/test.txt,user1,0,0,24
72715,2025-10-22 13:11:29.544833,ps aux,root,0,0,3
68075,2025-10-22 03:57:43.544833,curl http://malicious-site.com,user1,0,255,67
37761,2025-10-21 19:36:23.544833,nc -lvp 4444,user1,0,0,27
81872,2025-10-22 03:11:07.544833,chmod +x exploit.sh,user1,0,1,59
43372,2025-10-22 06:07:17.544833,curl http://malicious-site.com,johndoe,0,0,53
65258,2025-10-22 08:42:28.544833,sudo rm -rf /,user1,0,1,92
71861,2025-10-22 07:28:08.544833,ls -l,johndoe,0,1,25
81164,2025-10-22 02:57:27.544833,chmod +x exploit.sh,johndoe,0,1,46
81405,2025-10-21 23:15:07.544833,curl http://malicious-site.com,user1,0,255,65
44370,2025-10-22 02:26:34.544833,wget https://example.com,root,0,1,53
68418,2025-10-22 11:42:12.544833,sudo rm -rf /,johndoe,0,1,90
50195,2025-10-22 09:59:51.544833,echo '12345' | sudo -S shutdown -h now,johndoe,0,0,57
45154,2025-10-22 06:48:22.544833,ps aux,admin,1,255,20
62316,2025-10-22 01:38:13.544833,ls | grep secret,johndoe,0,255,23
53474,2025-10-22 00:30:37.544833,sudo su,user1,0,0,45
90696,2025-10-21 22:56:20.544833,chmod +x exploit.sh,guest,0,255,52
72320,2025-10-22 12:28:16.544833,chmod 777 /etc/passwd,root,0,0,92
23485,2025-10-21 20:49:56.544833,echo 'admin' | sudo -S passwd,guest,0,1,41
71762,2025-10-22 15:59:13.544833,wget https://example.com,user1,0,255,63
53676,2025-10-22 00:28:28.544833,echo 'admin' | sudo -S passwd,user1,0,255,59
21536,2025-10-21 17:29:58.544833,echo '12345' | sudo -S shutdown -h now,johndoe,0,1,40
10724,2025-10-22 06:16:40.544833,curl http://malicious-site.com,guest,0,255,62
87044,2025-10-21 17:12:59.544833,ls -l,guest,0,255,7
21992,2025-10-22 04:16:55.544833,chmod 777 /etc/passwd,root,0,255,87
50955,2025-10-22 05:19:40.544833,ps aux,admin,1,1,16
54997,2025-10-22 09:34:25.544833,chmod 777 /etc/passwd,johndoe,0,1,88
93185,2025-10-22 15:54:50.544833,sudo rm -rf /,guest,0,0,88
69652,2025-10-22 04:38:20.544833,echo 'admin' | sudo -S passwd,johndoe,0,255,60
90835,2025-10-21 21:11:43.544833,chmod +x exploit.sh,johndoe,0,1,44
32315,2025-10-22 16:32:15.544833,ls | grep secret,johndoe,0,255,16
66814,2025-10-21 19:12:39.544833,nc -lvp 4444,johndoe,0,255,29
27496,2025-10-22 01:26:00.544833,echo 'admin' | sudo -S passwd,guest,0,255,40
62637,2025-10-22 07:24:33.544833,sudo su,user1,0,0,58
99394,2025-10-22 01:58:52.544833,wget https://example.com,guest,0,255,54
95464,2025-10-22 03:50:31.544833,sudo rm -rf /,root,0,1,95
35351,2025-10-21 18:21:06.544833,curl http://malicious-site.com,guest,0,1,58
29505,2025-10-22 10:20:29.544833,chmod 777 /etc/passwd,guest,0,0,94
33431,2025-10-22 02:44:44.544833,chmod +x exploit.sh,guest,0,255,42
23370,2025-10-22 03:53:30.544833,ls -l,johndoe,0,1,6
66919,2025-10-22 04:45:23.544833,ls -l,root,0,255,4
77248,2025-10-21 17:30:19.544833,chmod +x exploit.sh,johndoe,0,0,45
60561,2025-10-22 01:48:39.544833,ls | grep secret,guest,0,0,4
92106,2025-10-21 19:28:44.544833,ps aux,root,0,255,17
29075,2025-10-22 15:56:36.544833,echo '12345' | sudo -S shutdown -h now,admin,1,255,41
92258,2025-10-22 11:38:09.544833,echo 'admin' | sudo -S passwd,guest,0,255,42
53969,2025-10-22 12:52:19.544833,curl http://malicious-site.com,guest,0,0,61
70331,2025-10-22 10:16:45.544833,ls | grep secret,admin,1,0,17
13319,2025-10-22 10:12:34.544833,cat /etc/passwd,guest,0,255,16
50107,2025-10-22 07:16:18.544833,sudo rm -rf /,user1,0,1,92
43104,2025-10-21 19:28:39.544833,wget https://example.com,user1,0,1,55
69143,2025-10-22 14:08:18.544833,echo 'admin' | sudo -S passwd,guest,0,255,51
66330,2025-10-22 10:17:34.544833,curl http://malicious-site.com,root,0,0,61
95910,2025-10-22 06:45:08.544833,echo 'test' > /tmp/test.txt,admin,1,0,29
53908,2025-10-22 12:34:30.544833,chmod 777 /etc/passwd,admin,1,0,94
47287,2025-10-22 08:03:04.544833,ls -l,guest,0,1,4
45891,2025-10-21 19:33:55.544833,echo 'admin' | sudo -S passwd,user1,0,255,40
91574,2025-10-22 13:44:45.544833,echo 'test' > /tmp/test.txt,johndoe,0,255,17
46719,2025-10-22 14:58:17.544833,wget https://example.com,admin,1,1,56
23538,2025-10-22 04:53:00.544833,echo 'admin' | sudo -S passwd,guest,0,1,47
14906,2025-10-22 00:25:11.544833,ps aux,user1,0,0,3
70195,2025-10-22 02:39:56.544833,cat /etc/passwd,user1,0,255,26
79901,2025-10-21 19:00:41.544833,ps aux,guest,0,255,18
63133,2025-10-21 17:33:46.544833,ps aux,admin,1,255,10
22442,2025-10-22 01:32:38.544833,chmod +x exploit.sh,johndoe,0,1,52
56495,2025-10-22 05:39:57.544833,ls | grep secret,root,0,1,20
40195,2025-10-22 06:47:06.544833,nc -lvp 4444,user1,0,0,9
69166,2025-10-22 01:49:06.544833,chmod 777 /etc/passwd,user1,0,255,96
68771,2025-10-22 00:10:42.544833,sudo rm -rf /,root,0,0,93
29468,2025-10-21 23:46:49.544833,echo 'test' > /tmp/test.txt,johndoe,0,1,3
22117,2025-10-21 18:51:31.544833,chmod 777 /etc/passwd,admin,1,1,100
10418,2025-10-22 11:52:20.544833,chmod +x exploit.sh,user1,0,255,46
52586,2025-10-21 23:20:58.544833,cat /etc/passwd,guest,0,0,13
11772,2025-10-22 06:34:41.544833,ls | grep secret,admin,1,255,27
21632,2025-10-22 08:32:10.544833,ls -l,admin,1,255,27
56383,2025-10-22 15:06:31.544833,cat /etc/passwd,user1,0,255,4
33131,2025-10-22 09:04:03.544833,sudo su,johndoe,0,255,58
89727,2025-10-21 20:40:01.544833,chmod +x exploit.sh,user1,0,1,44
37670,2025-10-21 20:50:51.544833,sudo rm -rf /,user1,0,1,90
63778,2025-10-21 20:18:59.544833,ps aux,admin,1,255,5
60311,2025-10-22 09:22:49.544833,sudo su,guest,0,1,48
15657,2025-10-22 02:41:46.544833,echo 'admin' | sudo -S passwd,user1,0,255,45
28499,2025-10-22 01:11:35.544833,chmod 777 /etc/passwd,guest,0,0,91
54126,2025-10-21 19:40:42.544833,sudo rm -rf /,user1,0,255,97
55198,2025-10-22 13:07:56.544833,sudo su,guest,0,1,48
61115,2025-10-22 12:59:09.544833,chmod +x exploit.sh,guest,0,255,54
29586,2025-10-21 23:58:25.544833,curl http://malicious-site.com,guest,0,0,69
98709,2025-10-22 01:21:21.544833,sudo rm -rf /,guest,0,1,99
30786,2025-10-21 18:51:34.544833,cat /etc/passwd,user1,0,1,0
70379,2025-10-21 18:47:36.544833,nc -lvp 4444,guest,0,1,5
84420,2025-10-21 20:10:01.544833,chmod 777 /etc/passwd,johndoe,0,1,87
65423,2025-10-22 14:03:15.544833,ls | grep secret,johndoe,0,255,6
82878,2025-10-22 06:16:30.544833,sudo rm -rf /,admin,1,1,87
97092,2025-10-21 19:59:31.544833,chmod 777 /etc/passwd,admin,1,255,95
44620,2025-10-21 22:34:08.544833,curl http://malicious-site.com,user1,0,255,68
98316,2025-10-22 07:57:01.544833,chmod 777 /etc/passwd,root,0,1,91
60317,2025-10-22 07:58:59.544833,sudo rm -rf /,johndoe,0,0,98
99011,2025-10-22 08:57:27.544833,cat /etc/passwd,johndoe,0,0,28
14809,2025-10-22 15:21:09.544833,echo '12345' | sudo -S shutdown -h now,admin,1,1,41
88544,2025-10-21 23:21:47.544833,sudo rm -rf /,user1,0,1,91
48436,2025-10-21 17:33:51.544833,sudo su,user1,0,255,45
19430,2025-10-22 10:10:55.544833,cat /etc/passwd,user1,0,1,29
43179,2025-10-22 10:02:40.544833,cat /etc/passwd,guest,0,255,10
77546,2025-10-22 00:05:24.544833,ls | grep secret,user1,0,0,2
41881,2025-10-22 10:10:28.544833,echo 'admin' | sudo -S passwd,root,0,255,50
56207,2025-10-22 02:29:53.544833,ps aux,admin,1,255,27
29192,2025-10-22 08:11:22.544833,ls | grep secret,johndoe,0,255,8
62099,2025-10-22 02:23:58.544833,wget https://example.com,user1,0,0,59
85648,2025-10-22 03:38:26.544833,sudo rm -rf /,root,0,0,100
84137,2025-10-21 23:10:18.544833,echo 'test' > /tmp/test.txt,johndoe,0,1,26
50834,2025-10-22 13:34:34.544833,curl http://malicious-site.com,user1,0,1,68
57835,2025-10-22 13:24:27.544833,ls | grep secret,user1,0,255,10
15493,2025-10-21 19:44:02.544833,chmod +x exploit.sh,root,0,255,55
68500,2025-10-22 14:10:20.544833,sudo su,johndoe,0,1,47
14685,2025-10-22 15:43:23.544833,nc -lvp 4444,root,0,255,17
14399,2025-10-22 09:07:04.544833,curl http://malicious-site.com,johndoe,0,1,50
97038,2025-10-21 20:34:44.544833,cat /etc/passwd,guest,0,0,3
90670,2025-10-22 15:17:15.544833,sudo rm -rf /,johndoe,0,255,93
88057,2025-10-21 17:03:21.544833,wget https://example.com,guest,0,0,51
89821,2025-10-22 01:14:05.544833,sudo su,admin,1,0,50
20184,2025-10-21 20:54:02.544833,ls | grep secret,admin,1,255,15
92404,2025-10-22 07:30:34.544833,echo 'test' > /tmp/test.txt,user1,0,1,26
41466,2025-10-22 06:03:05.544833,nc -lvp 4444,user1,0,255,16
95959,2025-10-22 10:48:35.544833,echo '12345' | sudo -S shutdown -h now,guest,0,255,43
58646,2025-10-22 08:09:05.544833,sudo su,guest,0,255,40
30471,2025-10-22 13:40:50.544833,wget https://example.com,johndoe,0,255,57
23456,2025-10-22 09:04:06.544833,echo '12345' | sudo -S shutdown -h now,johndoe,0,255,45
33141,2025-10-21 16:52:21.544833,wget https://example.com,root,0,0,62
73190,2025-10-22 02:26:58.544833,ls -l,user1,0,1,9
79579,2025-10-22 08:14:13.544833,sudo rm -rf /,admin,1,255,98
24211,2025-10-22 08:11:04.544833,sudo su,guest,0,1,45
54644,2025-10-21 19:11:18.544833,curl http://malicious-site.com,admin,1,0,57
11276,2025-10-21 19:13:59.544833,ps aux,johndoe,0,1,0
38618,2025-10-22 01:44:36.544833,echo '12345' | sudo -S shutdown -h now,admin,1,1,54
50039,2025-10-22 04:35:04.544833,chmod +x exploit.sh,johndoe,0,0,44
12966,2025-10-22 04:52:29.544833,echo 'admin' | sudo -S passwd,user1,0,1,40
67956,2025-10-22 09:04:46.544833,wget https://example.com,johndoe,0,0,53
17540,2025-10-21 19:59:23.544833,nc -lvp 4444,admin,1,255,17
17091,2025-10-22 05:09:32.544833,sudo su,admin,1,0,51
96220,2025-10-22 06:46:58.544833,ls -l,admin,1,0,26
68421,2025-10-22 16:40:00.544833,chmod 777 /etc/passwd,guest,0,255,98
15425,2025-10-22 05:04:13.544833,echo 'admin' | sudo -S passwd,root,0,1,52
30487,2025-10-21 22:15:45.544833,echo 'test' > /tmp/test.txt,admin,1,1,10
62188,2025-10-21 21:28:43.544833,cat /etc/passwd,root,0,0,6
64411,2025-10-21 20:46:08.544833,ps aux,guest,0,0,0
79374,2025-10-22 03:52:33.544833,ls -l,root,0,0,7
24618,2025-10-22 14:39:10.544833,echo '12345' | sudo -S shutdown -h now,admin,1,0,58
64821,2025-10-22 01:24:07.544833,cat /etc/passwd,root,0,1,24
84349,2025-10-21 22:57:03.544833,sudo rm -rf /,guest,0,1,89
13037,2025-10-21 21:15:18.544833,cat /etc/passwd,admin,1,255,7
82798,2025-10-22 02:31:22.544833,sudo rm -rf /,admin,1,255,87
78242,2025-10-21 22:06:00.544833,curl http://malicious-site.com,root,0,1,59
42301,2025-10-21 17:03:59.544833,echo 'admin' | sudo -S passwd,user1,0,255,41
87558,2025-10-21 18:47:20.544833,chmod +x exploit.sh,johndoe,0,255,47
15165,2025-10-22 06:48:45.544833,echo 'test' > /tmp/test.txt,guest,0,1,18
79468,2025-10-21 18:08:11.544833,echo 'test' > /tmp/test.txt,johndoe,0,1,12
16659,2025-10-21 20:52:25.544833,chmod +x exploit.sh,johndoe,0,1,41
47561,2025-10-21 17:15:54.544833,cat /etc/passwd,admin,1,1,2
70324,2025-10-22 14:53:33.544833,echo '12345' | sudo -S shutdown -h now,root,0,255,46
58675,2025-10-22 07:47:04.544833,echo 'test' > /tmp/test.txt,johndoe,0,1,8
53277,2025-10-21 19:45:36.544833,curl http://malicious-site.com,root,0,255,56
21438,2025-10-22 09:24:51.544833,nc -lvp 4444,user1,0,1,8
60066,2025-10-22 10:07:34.544833,ls | grep secret,root,0,255,7
22270,2025-10-22 10:47:11.544833,cat /etc/passwd,guest,0,0,15
84218,2025-10-21 20:59:30.544833,chmod 777 /etc/passwd,user1,0,255,85
27599,2025-10-22 11:21:59.544833,echo 'admin' | sudo -S passwd,guest,0,1,56
25028,2025-10-22 15:29:56.544833,ls -l,guest,0,0,23
74527,2025-10-22 03:17:27.544833,ps aux,admin,1,255,0
74788,2025-10-22 07:28:49.544833,echo 'test' > /tmp/test.txt,root,0,0,25
15916,2025-10-22 14:54:50.544833,echo 'admin' | sudo -S passwd,guest,0,255,48
55414,2025-10-22 01:33:13.544833,ls | grep secret,admin,1,0,9
96172,2025-10-21 20:45:44.544833,wget https://example.com,root,0,255,50
38873,2025-10-22 09:37:37.544833,chmod +x exploit.sh,johndoe,0,1,52
26773,2025-10-21 20:04:48.544833,sudo su,root,0,1,54
37958,2025-10-22 14:54:27.544833,chmod +x exploit.sh,root,0,0,43
22676,2025-10-22 15:57:34.544833,echo '12345' | sudo -S shutdown -h now,root,0,255,53
24217,2025-10-22 07:46:25.544833,wget https://example.com,root,0,255,66
12916,2025-10-22 16:25:36.544833,echo 'admin' | sudo -S passwd,admin,1,0,40
64401,2025-10-21 21:43:52.544833,sudo su,johndoe,0,255,41
33220,2025-10-21 22:28:40.544833,sudo rm -rf /,user1,0,1,85
10549,2025-10-22 01:08:19.544833,echo '12345' | sudo -S shutdown -h now,johndoe,0,0,60
10883,2025-10-22 16:02:13.544833,nc -lvp 4444,root,0,255,4
58655,2025-10-22 13:48:36.544833,ls -l,root,0,1,8
13575,2025-10-21 18:29:02.544833,cat /etc/passwd,guest,0,0,1
95341,2025-10-22 07:55:51.544833,cat /etc/passwd,root,0,1,0
30198,2025-10-22 03:08:07.544833,echo 'admin' | sudo -S passwd,root,0,0,43
22607,2025-10-21 23:19:24.544833,curl http://malicious-site.com,johndoe,0,0,55
17141,2025-10-21 18:35:46.544833,cat /etc/passwd,admin,1,0,15
31067,2025-10-22 00:57:38.544833,sudo su,guest,0,0,41
69187,2025-10-22 01:35:09.544833,wget https://example.com,admin,1,1,59
66152,2025-10-22 08:04:03.544833,ps aux,user1,0,1,0
89964,2025-10-22 04:14:58.544833,cat /etc/passwd,admin,1,255,12
67589,2025-10-22 06:39:14.544833,ps aux,root,0,0,25
96687,2025-10-22 06:43:56.544833,sudo rm -rf /,guest,0,255,89
38682,2025-10-22 00:09:05.544833,curl http://malicious-site.com,root,0,0,52
53528,2025-10-22 16:31:49.544833,curl http://malicious-site.com,user1,0,0,57
37483,2025-10-21 19:52:26.544833,ls | grep secret,root,0,255,24
15502,2025-10-22 12:49:22.544833,sudo su,root,0,255,50
20352,2025-10-22 01:17:11.544833,chmod 777 /etc/passwd,guest,0,1,91
79654,2025-10-22 13:12:14.544833,ps aux,root,0,1,22
75599,2025-10-22 02:09:42.544833,curl http://malicious-site.com,user1,0,255,51
47212,2025-10-22 13:00:13.544833,wget https://example.com,admin,1,255,56
22028,2025-10-22 00:11:26.544833,cat /etc/passwd,guest,0,255,2
80448,2025-10-22 16:03:02.544833,echo 'admin' | sudo -S passwd,johndoe,0,1,41
89466,2025-10-22 12:15:45.544833,cat /etc/passwd,admin,1,255,24
81085,2025-10-22 10:49:27.544833,echo 'admin' | sudo -S passwd,guest,0,255,60
80181,2025-10-21 20:04:35.544833,ps aux,admin,1,0,9
15671,2025-10-22 15:14:19.544833,sudo rm -rf /,johndoe,0,1,94
54392,2025-10-22 05:59:14.544833,chmod 777 /etc/passwd,root,0,255,100
84314,2025-10-22 01:35:50.544833,ps aux,user1,0,255,23
78969,2025-10-22 06:23:19.544833,ps aux,user1,0,0,23
43499,2025-10-22 00:45:04.544833,chmod 777 /etc/passwd,admin,1,1,99
62344,2025-10-21 19:40:12.544833,echo '12345' | sudo -S shutdown -h now,guest,0,0,42
55593,2025-10-22 01:06:51.544833,sudo su,johndoe,0,0,58
29473,2025-10-21 21:13:07.544833,ps aux,johndoe,0,255,5
24511,2025-10-21 22:32:25.544833,echo 'admin' | sudo -S passwd,johndoe,0,255,55
82490,2025-10-22 12:30:52.544833,chmod 777 /etc/passwd,johndoe,0,0,89
11237,2025-10-22 12:08:07.544833,chmod 777 /etc/passwd,user1,0,1,92
35415,2025-10-22 03:25:06.544833,nc -lvp 4444,admin,1,255,28
30506,2025-10-22 00:28:56.544833,ps aux,guest,0,0,18
17513,2025-10-22 15:35:48.544833,sudo rm -rf /,user1,0,1,87
31759,2025-10-22 15:00:37.544833,sudo su,user1,0,1,58
91080,2025-10-22 07:03:53.544833,ls -l,admin,1,1,24
60280,2025-10-22 09:01:20.544833,sudo rm -rf /,root,0,1,92
22749,2025-10-22 15:44:10.544833,sudo rm -rf /,admin,1,0,94
90149,2025-10-22 12:35:08.544833,ps aux,user1,0,0,15
92596,2025-10-21 23:17:24.544833,ls -l,admin,1,255,18
29038,2025-10-22 10:36:04.544833,echo '12345' | sudo -S shutdown -h now,admin,1,0,49
68289,2025-10-22 08:26:02.544833,chmod 777 /etc/passwd,admin,1,1,99
20080,2025-10-21 23:41:08.544833,sudo rm -rf /,root,0,1,95
26928,2025-10-22 13:13:07.544833,echo '12345' | sudo -S shutdown -h now,johndoe,0,0,48
43813,2025-10-22 00:58:02.544833,chmod +x exploit.sh,root,0,255,49
67106,2025-10-21 22:32:02.544833,echo '12345' | sudo -S shutdown -h now,root,0,255,49
55354,2025-10-22 06:03:04.544833,sudo rm -rf /,root,0,0,98
97786,2025-10-21 16:56:56.544833,chmod +x exploit.sh,user1,0,1,50
62260,2025-10-22 16:06:35.544833,echo 'admin' | sudo -S passwd,guest,0,1,59
24423,2025-10-21 22:45:14.544833,echo '12345' | sudo -S shutdown -h now,user1,0,0,43
24221,2025-10-22 14:19:58.544833,curl http://malicious-site.com,root,0,255,68
37957,2025-10-22 03:37:35.544833,echo '12345' | sudo -S shutdown -h now,admin,1,0,45
99774,2025-10-21 21:39:00.544833,echo 'admin' | sudo -S passwd,admin,1,1,46
69740,2025-10-21 17:09:33.544833,ls -l,root,0,0,2
31697,2025-10-22 04:16:55.544833,cat /etc/passwd,admin,1,0,11
71907,2025-10-22 03:29:01.544833,echo 'admin' | sudo -S passwd,guest,0,0,51
17931,2025-10-21 20:45:08.544833,echo '12345' | sudo -S shutdown -h now,admin,1,1,44
14962,2025-10-21 19:27:41.544833,echo 'test' > /tmp/test.txt,root,0,255,9
74904,2025-10-22 08:43:18.544833,echo 'admin' | sudo -S passwd,johndoe,0,255,46
33249,2025-10-21 21:03:25.544833,echo 'test' > /tmp/test.txt,guest,0,1,9
26852,2025-10-22 05:41:54.544833,echo 'test' > /tmp/test.txt,admin,1,0,29
43365,2025-10-22 09:10:07.544833,ls | grep secret,guest,0,0,17
22797,2025-10-22 09:53:53.544833,chmod +x exploit.sh,root,0,0,42
20287,2025-10-22 14:32:57.544833,nc -lvp 4444,user1,0,0,27
56240,2025-10-22 09:51:54.544833,wget https://example.com,johndoe,0,0,66
12150,2025-10-22 11:20:32.544833,sudo rm -rf /,user1,0,1,97
74582,2025-10-22 03:30:45.544833,echo 'test' > /tmp/test.txt,guest,0,0,24
44017,2025-10-21 16:51:40.544833,curl http://malicious-site.com,admin,1,1,56
44154,2025-10-22 16:06:45.544833,ps aux,admin,1,0,13
96891,2025-10-22 16:23:08.544833,sudo su,root,0,1,48
78597,2025-10-21 16:52:08.544833,nc -lvp 4444,guest,0,0,4
32197,2025-10-22 11:57:27.544833,chmod +x exploit.sh,user1,0,1,52
53127,2025-10-22 05:54:45.544833,cat /etc/passwd,guest,0,255,0
16858,2025-10-22 07:56:19.544833,chmod 777 /etc/passwd,johndoe,0,255,97
79028,2025-10-22 08:23:35.544833,wget https://example.com,johndoe,0,0,56
85735,2025-10-21 16:49:12.544833,sudo su,guest,0,0,60
12084,2025-10-22 08:14:59.544833,nc -lvp 4444,root,0,255,0
30700,2025-10-22 01:48:26.544833,sudo rm -rf /,user1,0,1,85
52229,2025-10-22 01:33:23.544833,sudo su,admin,1,1,53
89377,2025-10-21 17:25:18.544833,sudo rm -rf /,johndoe,0,255,86
43082,2025-10-21 22:31:11.544833,sudo rm -rf /,user1,0,255,90
49448,2025-10-21 21:48:05.544833,ps aux,guest,0,0,11
36820,2025-10-22 05:11:04.544833,cat /etc/passwd,admin,1,0,3
21088,2025-10-21 20:03:06.544833,ls -l,root,0,255,2
68199,2025-10-22 02:21:22.544833,nc -lvp 4444,user1,0,1,21
99824,2025-10-22 01:15:26.544833,echo '12345' | sudo -S shutdown -h now,admin,1,255,51
16628,2025-10-22 10:05:47.544833,curl http://malicious-site.com,admin,1,1,58
38533,2025-10-22 09:46:42.544833,sudo rm -rf /,root,0,255,90
25329,2025-10-22 06:39:23.544833,ls -l,guest,0,0,19
76199,2025-10-22 12:45:39.544833,sudo rm -rf /,user1,0,0,89
19617,2025-10-22 07:57:23.544833,cat /etc/passwd,johndoe,0,255,5
75063,2025-10-22 00:06:35.544833,sudo su,johndoe,0,1,59
23215,2025-10-22 10:23:32.544833,sudo su,johndoe,0,255,47
28552,2025-10-22 14:50:04.544833,chmod 777 /etc/passwd,root,0,255,94
54981,2025-10-22 11:11:49.544833,sudo su,guest,0,255,60
47694,2025-10-21 23:07:08.544833,wget https://example.com,admin,1,255,67
51073,2025-10-22 01:36:14.544833,nc -lvp 4444,root,0,0,28
73019,2025-10-22 05:56:06.544833,sudo rm -rf /,guest,0,255,93
63919,2025-10-21 22:31:50.544833,wget https://example.com,user1,0,255,59
43245,2025-10-21 18:46:31.544833,sudo su,admin,1,1,49
75354,2025-10-22 11:57:15.544833,wget https://example.com,admin,1,1,63
20977,2025-10-22 02:20:28.544833,chmod +x exploit.sh,johndoe,0,0,45
65182,2025-10-22 11:39:18.544833,echo '12345' | sudo -S shutdown -h now,johndoe,0,1,41
34250,2025-10-22 09:57:17.544833,ls -l,user1,0,255,1
92536,2025-10-22 14:45:27.544833,curl http://malicious-site.com,user1,0,0,56
40105,2025-10-21 22:23:04.544833,cat /etc/passwd,guest,0,1,16
48537,2025-10-22 03:49:50.544833,wget https://example.com,guest,0,1,61
77416,2025-10-22 02:36:27.544833,wget https://example.com,user1,0,1,58
57688,2025-10-21 18:31:52.544833,sudo rm -rf /,admin,1,1,100
63426,2025-10-21 21:05:58.544833,sudo su,johndoe,0,1,55
14239,2025-10-22 07:08:51.544833,chmod +x exploit.sh,root,0,1,59
59326,2025-10-21 17:02:24.544833,sudo su,admin,1,1,55
17745,2025-10-22 05:54:52.544833,echo 'admin' | sudo -S passwd,admin,1,1,52
37787,2025-10-21 19:25:24.544833,sudo rm -rf /,guest,0,0,97
89999,2025-10-22 02:17:41.544833,chmod +x exploit.sh,johndoe,0,1,56
34050,2025-10-22 05:39:23.544833,ls | grep secret,guest,0,0,27
41471,2025-10-22 03:40:32.544833,cat /etc/passwd,user1,0,1,28
85012,2025-10-21 19:24:56.544833,echo '12345' | sudo -S shutdown -h now,admin,1,255,46
76982,2025-10-21 20:32:28.544833,ls -l,user1,0,255,24
47209,2025-10-22 09:08:05.544833,nc -lvp 4444,johndoe,0,255,1
97602,2025-10-22 12:37:35.544833,echo 'test' > /tmp/test.txt,johndoe,0,0,1
80663,2025-10-21 18:10:50.544833,ls -l,johndoe,0,0,10
41761,2025-10-21 23:11:11.544833,echo 'admin' | sudo -S passwd,admin,1,255,58
15207,2025-10-22 12:36:35.544833,cat /etc/passwd,root,0,0,24
29980,2025-10-22 06:37:48.544833,chmod +x exploit.sh,johndoe,0,0,50
46891,2025-10-22 01:46:01.544833,sudo rm -rf /,user1,0,255,86
99981,2025-10-22 09:19:40.544833,echo 'test' > /tmp/test.txt,root,0,1,20
69373,2025-10-21 21:37:46.544833,ls -l,root,0,255,7
27579,2025-10-21 20:10:38.544833,echo 'test' > /tmp/test.txt,guest,0,0,28
90278,2025-10-22 09:19:28.544833,echo 'admin' | sudo -S passwd,guest,0,0,42
62106,2025-10-22 05:21:29.544833,ls | grep secret,guest,0,0,19
14718,2025-10-22 00:41:06.544833,wget https://example.com,johndoe,0,0,63
26214,2025-10-21 21:41:11.544833,ls -l,johndoe,0,255,20
37879,2025-10-21 18:06:00.544833,echo 'admin' | sudo -S passwd,root,0,1,50
77032,2025-10-22 02:04:14.544833,chmod +x exploit.sh,admin,1,1,48
91339,2025-10-22 11:25:06.544833,ls | grep secret,root,0,1,0
28954,2025-10-21 19:52:26.544833,ls -l,guest,0,255,12
40632,2025-10-22 03:01:15.544833,curl http://malicious-site.com,admin,1,255,67
99147,2025-10-21 21:50:42.544833,echo 'admin' | sudo -S passwd,guest,0,255,58
87861,2025-10-22 03:41:14.544833,echo '12345' | sudo -S shutdown -h now,johndoe,0,255,58
25040,2025-10-22 00:41:43.544833,chmod 777 /etc/passwd,johndoe,0,255,95
69412,2025-10-22 02:29:42.544833,curl http://malicious-site.com,admin,1,255,51
21588,2025-10-22 11:22:07.544833,ls | grep secret,admin,1,0,5
16328,2025-10-22 11:53:45.544833,ls -l,root,0,0,11
17660,2025-10-22 13:06:45.544833,echo '12345' | sudo -S shutdown -h now,user1,0,0,50
14906,2025-10-22 07:51:38.544833,ps aux,root,0,0,4
60038,2025-10-21 20:16:26.544833,sudo rm -rf /,guest,0,255,97
26174,2025-10-21 22:34:16.544833,echo 'test' > /tmp/test.txt,johndoe,0,1,24
90052,2025-10-21 22:47:19.544833,chmod 777 /etc/passwd,johndoe,0,0,89
11323,2025-10-22 08:13:08.544833,ls -l,admin,1,1,5
32429,2025-10-22 03:55:52.544833,sudo su,user1,0,255,41
20108,2025-10-21 21:55:13.544833,wget https://example.com,johndoe,0,0,55
26113,2025-10-22 12:06:28.544833,chmod +x exploit.sh,johndoe,0,255,52
94665,2025-10-22 13:28:03.544833,curl http://malicious-site.com,admin,1,0,68
66322,2025-10-21 19:23:51.544833,chmod 777 /etc/passwd,user1,0,255,88
98310,2025-10-22 02:36:54.544833,ls -l,guest,0,0,16
71023,2025-10-22 00:21:43.544833,echo 'test' > /tmp/test.txt,user1,0,255,26
49875,2025-10-22 02:11:37.544833,echo '12345' | sudo -S shutdown -h now,johndoe,0,255,57
92356,2025-10-22 11:34:52.544833,ls | grep secret,guest,0,0,8
61282,2025-10-22 15:47:06.544833,sudo su,johndoe,0,255,48
46037,2025-10-22 00:32:45.544833,wget https://example.com,guest,0,0,64
54935,2025-10-22 03:12:02.544833,chmod +x exploit.sh,admin,1,255,54
27681,2025-10-22 03:55:23.544833,sudo rm -rf /,root,0,1,98
63711,2025-10-22 00:52:09.544833,cat /etc/passwd,user1,0,255,29
98062,2025-10-21 20:59:28.544833,chmod 777 /etc/passwd,johndoe,0,255,96
37552,2025-10-21 17:13:47.544833,sudo su,root,0,255,56
81818,2025-10-22 01:48:01.544833,cat /etc/passwd,root,0,1,12
19734,2025-10-22 12:09:39.544833,chmod 777 /etc/passwd,guest,0,255,98
55364,2025-10-22 15:50:09.544833,ls -l,root,0,255,26
30559,2025-10-22 11:10:33.544833,nc -lvp 4444,admin,1,255,10
67354,2025-10-22 08:04:01.544833,curl http://malicious-site.com,johndoe,0,0,50
18589,2025-10-22 12:34:50.544833,echo '12345' | sudo -S shutdown -h now,johndoe,0,255,48
84189,2025-10-22 14:57:55.544833,ps aux,guest,0,255,16
38512,2025-10-22 03:55:49.544833,ls | grep secret,johndoe,0,0,26
86736,2025-10-22 09:01:59.544833,chmod +x exploit.sh,user1,0,255,60
11041,2025-10-22 14:05:20.544833,nc -lvp 4444,admin,1,1,22
81681,2025-10-21 22:17:30.544833,cat /etc/passwd,admin,1,1,24
43615,2025-10-22 08:56:16.544833,sudo su,admin,1,255,50
94142,2025-10-21 18:44:18.544833,ls -l,admin,1,0,29
70480,2025-10-22 02:02:31.544833,echo 'test' > /tmp/test.txt,user1,0,1,6
86199,2025-10-22 05:55:31.544833,cat /etc/passwd,guest,0,0,2
32617,2025-10-22 10:21:01.544833,ls -l,guest,0,255,0
12151,2025-10-22 09:59:56.544833,cat /etc/passwd,root,0,1,14
47525,2025-10-22 04:10:56.544833,echo '12345' | sudo -S shutdown -h now,guest,0,0,51
12558,2025-10-22 11:53:52.544833,sudo rm -rf /,root,0,0,98
32571,2025-10-21 22:22:50.544833,echo 'test' > /tmp/test.txt,johndoe,0,255,17
17113,2025-10-21 17:59:37.544833,cat /etc/passwd,admin,1,255,3
92210,2025-10-22 13:08:14.544833,sudo rm -rf /,user1,0,1,86
66522,2025-10-21 19:52:03.544833,echo 'test' > /tmp/test.txt,guest,0,1,29
76632,2025-10-21 16:46:52.544833,wget https://example.com,admin,1,0,65
96642,2025-10-21 20:25:07.544833,ls | grep secret,guest,0,255,17
69406,2025-10-22 08:56:52.544833,echo 'test' > /tmp/test.txt,root,0,255,23
92631,2025-10-22 01:32:56.544833,wget https://example.com,johndoe,0,1,52
62206,2025-10-22 03:43:00.544833,wget https://example.com,user1,0,255,54
64692,2025-10-21 20:06:52.544833,curl http://malicious-site.com,user1,0,255,51
95654,2025-10-22 05:42:55.544833,echo '12345' | sudo -S shutdown -h now,user1,0,0,56
10060,2025-10-22 04:38:33.544833,curl http://malicious-site.com,user1,0,255,62
99194,2025-10-21 23:29:14.544833,sudo su,root,0,0,46
59074,2025-10-22 05:28:31.544833,cat /etc/passwd,johndoe,0,0,25
40163,2025-10-22 01:23:51.544833,echo 'admin' | sudo -S passwd,admin,1,0,49
76932,2025-10-22 09:49:14.544833,echo 'admin' | sudo -S passwd,user1,0,0,59
93170,2025-10-22 13:09:09.544833,sudo rm -rf /,guest,0,255,94
82022,2025-10-21 20:40:30.544833,ls -l,johndoe,0,1,27
32231,2025-10-22 11:28:03.544833,echo 'test' > /tmp/test.txt,root,0,255,7
76082,2025-10-21 22:59:31.544833,sudo rm -rf /,admin,1,0,95
65536,2025-10-22 13:17:23.544833,chmod 777 /etc/passwd,user1,0,1,89
47639,2025-10-21 22:29:45.544833,echo 'admin' | sudo -S passwd,user1,0,255,41
35555,2025-10-22 04:53:52.544833,curl http://malicious-site.com,user1,0,1,53
97296,2025-10-21 19:04:49.544833,ls -l,johndoe,0,255,15
43929,2025-10-22 10:07:50.544833,curl http://malicious-site.com,guest,0,255,53
84794,2025-10-21 21:24:58.544833,sudo rm -rf /,johndoe,0,255,96
49349,2025-10-22 01:46:32.544833,wget https://example.com,guest,0,0,68
96341,2025-10-21 18:25:44.544833,echo 'test' > /tmp/test.txt,user1,0,0,21
35111,2025-10-22 01:44:24.544833,wget https://example.com,admin,1,0,51
31989,2025-10-22 06:57:03.544833,ls | grep secret,user1,0,255,16
82019,2025-10-22 03:48:13.544833,chmod 777 /etc/passwd,user1,0,255,87
78616,2025-10-21 23:12:33.544833,curl http://malicious-site.com,admin,1,255,63
25573,2025-10-21 23:56:04.544833,sudo su,user1,0,255,42
93220,2025-10-21 23:29:05.544833,chmod +x exploit.sh,user1,0,255,50
36034,2025-10-22 13:12:00.544833,chmod 777 /etc/passwd,user1,0,1,91
41044,2025-10-22 07:42:23.544833,echo 'test' > /tmp/test.txt,user1,0,255,24
33621,2025-10-22 11:40:58.544833,echo 'test' > /tmp/test.txt,johndoe,0,0,2
32262,2025-10-21 22:19:54.544833,sudo rm -rf /,root,0,1,100
41245,2025-10-22 03:20:02.544833,curl http://malicious-site.com,admin,1,255,66
72254,2025-10-22 13:11:03.544833,ps aux,admin,1,1,1
86859,2025-10-21 20:32:38.544833,sudo rm -rf /,user1,0,1,97
47028,2025-10-21 17:43:48.544833,wget https://example.com,johndoe,0,0,60
27941,2025-10-22 11:59:25.544833,nc -lvp 4444,guest,0,255,20
61702,2025-10-22 07:38:48.544833,sudo rm -rf /,root,0,0,90
35198,2025-10-22 12:40:22.544833,ls | grep secret,johndoe,0,0,27
86268,2025-10-22 07:00:31.544833,ls -l,admin,1,0,29
55707,2025-10-21 18:58:13.544833,curl http://malicious-site.com,admin,1,0,67
75339,2025-10-22 11:52:31.544833,chmod +x exploit.sh,admin,1,1,48
82539,2025-10-22 13:39:36.544833,echo 'test' > /tmp/test.txt,admin,1,1,12
85454,2025-10-21 22:55:13.544833,ps aux,user1,0,0,6
56828,2025-10-21 19:07:30.544833,ls | grep secret,admin,1,0,13
18144,2025-10-21 21:19:11.544833,sudo rm -rf /,admin,1,0,97
71205,2025-10-22 01:55:46.544833,chmod 777 /etc/passwd,user1,0,1,93
32939,2025-10-22 07:52:28.544833,nc -lvp 4444,user1,0,1,8
20312,2025-10-22 09:50:45.544833,echo 'admin' | sudo -S passwd,guest,0,255,51
75149,2025-10-22 05:50:40.544833,echo 'admin' | sudo -S passwd,johndoe,0,255,45
81576,2025-10-22 11:10:37.544833,sudo su,root,0,1,44
97113,2025-10-22 03:45:17.544833,sudo rm -rf /,guest,0,1,86
61164,2025-10-22 11:21:35.544833,echo 'test' > /tmp/test.txt,guest,0,1,17
37482,2025-10-21 22:07:31.544833,ls -l,admin,1,0,0
61926,2025-10-22 08:52:19.544833,wget https://example.com,admin,1,0,63
98638,2025-10-22 14:17:39.544833,chmod +x exploit.sh,admin,1,1,54
53348,2025-10-22 02:43:27.544833,echo 'test' > /tmp/test.txt,root,0,1,20
81853,2025-10-22 02:23:39.544833,ls -l,admin,1,0,12
18211,2025-10-22 05:24:34.544833,curl http://malicious-site.com,root,0,1,57
10375,2025-10-22 04:12:38.544833,chmod 777 /etc/passwd,johndoe,0,1,100
92501,2025-10-22 07:16:29.544833,echo 'admin' | sudo -S passwd,admin,1,1,60
10914,2025-10-21 16:53:30.544833,nc -lvp 4444,johndoe,0,255,4
22731,2025-10-22 04:16:38.544833,ls -l,user1,0,1,21
65221,2025-10-22 09:35:51.544833,chmod +x exploit.sh,root,0,0,48
37460,2025-10-21 17:19:23.544833,echo 'test' > /tmp/test.txt,admin,1,0,7
62151,2025-10-22 00:43:21.544833,chmod +x exploit.sh,user1,0,0,56
61785,2025-10-22 13:58:50.544833,ls | grep secret,user1,0,1,17
66609,2025-10-22 02:11:59.544833,chmod +x exploit.sh,admin,1,0,52
19463,2025-10-21 23:07:20.544833,echo 'test' > /tmp/test.txt,user1,0,255,16
53828,2025-10-22 00:12:22.544833,ps aux,root,0,255,13
12584,2025-10-21 21:53:48.544833,ls | grep secret,root,0,255,22
43340,2025-10-22 16:34:20.544833,wget https://example.com,guest,0,1,54
86730,2025-10-22 12:51:04.544833,cat /etc/passwd,admin,1,0,20
32224,2025-10-22 01:32:30.544833,chmod 777 /etc/passwd,user1,0,1,95
79933,2025-10-22 05:16:59.544833,chmod +x exploit.sh,guest,0,1,58
21289,2025-10-21 19:06:13.544833,cat /etc/passwd,user1,0,0,2
44674,2025-10-22 04:33:07.544833,ls -l,user1,0,0,20
69539,2025-10-22 05:23:28.544833,ls | grep secret,johndoe,0,0,22
22419,2025-10-22 14:41:08.544833,chmod 777 /etc/passwd,johndoe,0,0,95
67368,2025-10-22 05:51:20.544833,sudo rm -rf /,user1,0,1,87
80990,2025-10-21 21:57:45.544833,curl http://malicious-site.com,admin,1,1,60
48904,2025-10-22 15:02:25.544833,echo 'test' > /tmp/test.txt,guest,0,255,18
63724,2025-10-21 17:52:21.544833,ls | grep secret,johndoe,0,0,1
18610,2025-10-22 02:50:25.544833,cat /etc/passwd,root,0,1,22
75363,2025-10-22 01:23:20.544833,ls | grep secret,root,0,255,11
58102,2025-10-22 06:14:46.544833,ls -l,admin,1,0,1
95321,2025-10-22 01:49:53.544833,ls | grep secret,user1,0,255,2
29473,2025-10-22 16:29:27.544833,curl http://malicious-site.com,guest,0,0,67
14415,2025-10-22 03:41:51.544833,nc -lvp 4444,root,0,1,15
96254,2025-10-22 01:05:45.544833,chmod 777 /etc/passwd,admin,1,0,87
89142,2025-10-22 12:29:07.544833,ls -l,admin,1,1,22
12724,2025-10-22 11:05:07.544833,chmod 777 /etc/passwd,guest,0,0,88
16669,2025-10-21 18:49:55.544833,echo '12345' | sudo -S shutdown -h now,admin,1,255,43
40287,2025-10-22 10:16:58.544833,echo '12345' | sudo -S shutdown -h now,user1,0,0,44
67090,2025-10-22 06:24:57.544833,sudo rm -rf /,admin,1,1,91
26001,2025-10-21 18:04:03.544833,ls -l,root,0,0,23
51000,2025-10-22 07:00:52.544833,sudo rm -rf /,root,0,0,86
31791,2025-10-21 21:45:02.544833,ps aux,johndoe,0,255,0
81636,2025-10-22 09:01:09.544833,cat /etc/passwd,user1,0,0,12
72873,2025-10-22 10:13:16.544833,ls -l,guest,0,0,5
54926,2025-10-22 05:29:22.544833,ls -l,johndoe,0,0,17
57612,2025-10-21 23:00:41.544833,ls -l,user1,0,1,5
42570,2025-10-22 02:13:37.544833,sudo rm -rf /,admin,1,0,93
17010,2025-10-21 18:11:46.544833,sudo rm -rf /,root,0,255,97
83605,2025-10-22 06:09:36.544833,sudo rm -rf /,root,0,0,86
11115,2025-10-22 12:04:28.544833,nc -lvp 4444,admin,1,255,11
65219,2025-10-22 08:04:13.544833,echo 'test' > /tmp/test.txt,johndoe,0,255,22
42940,2025-10-22 04:37:13.544833,sudo rm -rf /,root,0,0,98
50609,2025-10-22 03:56:59.544833,cat /etc/passwd,admin,1,1,19
88255,2025-10-22 06:01:03.544833,chmod 777 /etc/passwd,root,0,0,85
72594,2025-10-22 03:49:11.544833,sudo su,admin,1,255,59
47344,2025-10-22 07:52:16.544833,sudo su,guest,0,255,42
92480,2025-10-21 23:05:04.544833,nc -lvp 4444,johndoe,0,0,22
47445,2025-10-22 04:22:40.544833,ls -l,admin,1,1,20
94331,2025-10-22 01:27:54.544833,ls | grep secret,user1,0,1,28
41793,2025-10-21 17:42:03.544833,wget https://example.com,root,0,255,58
29578,2025-10-22 05:17:14.544833,wget https://example.com,guest,0,1,64
62652,2025-10-22 13:05:35.544833,sudo rm -rf /,johndoe,0,1,99
50164,2025-10-22 05:51:38.544833,ls -l,admin,1,255,11
91691,2025-10-22 15:41:42.544833,curl http://malicious-site.com,user1,0,1,61
15321,2025-10-22 01:32:10.544833,sudo rm -rf /,admin,1,1,92
48227,2025-10-22 08:27:16.544833,echo '12345' | sudo -S shutdown -h now,johndoe,0,0,44
56365,2025-10-22 00:27:32.544833,sudo rm -rf /,user1,0,0,94
81319,2025-10-21 19:58:39.544833,echo 'test' > /tmp/test.txt,admin,1,0,19
57003,2025-10-21 20:56:16.544833,ls | grep secret,admin,1,0,2
85983,2025-10-22 10:58:59.544833,chmod +x exploit.sh,johndoe,0,0,48
68041,2025-10-22 12:19:21.544833,echo 'admin' | sudo -S passwd,johndoe,0,1,60
23017,2025-10-22 08:32:26.544833,echo '12345' | sudo -S shutdown -h now,admin,1,255,51
69598,2025-10-22 02:34:54.544833,sudo rm -rf /,johndoe,0,0,98
28362,2025-10-21 16:43:16.544833,sudo su,admin,1,255,55
33619,2025-10-21 17:29:49.544833,echo 'test' > /tmp/test.txt,root,0,0,14
15925,2025-10-22 08:11:08.544833,chmod +x exploit.sh,guest,0,0,43
20067,2025-10-22 05:05:06.544833,chmod +x exploit.sh,guest,0,0,55
44676,2025-10-22 12:06:52.544833,echo '12345' | sudo -S shutdown -h now,root,0,0,44
78360,2025-10-22 13:07:48.544833,wget https://example.com,admin,1,0,66
37767,2025-10-22 12:39:47.544833,echo 'test' > /tmp/test.txt,admin,1,255,15
26287,2025-10-22 01:14:39.544833,cat /etc/passwd,admin,1,0,18
50229,2025-10-21 20:55:41.544833,sudo su,admin,1,0,51
17443,2025-10-21 19:18:41.544833,ls | grep secret,guest,0,255,22
33343,2025-10-22 11:59:35.544833,chmod 777 /etc/passwd,root,0,0,89
41404,2025-10-22 09:20:58.544833,wget https://example.com,johndoe,0,255,65
31394,2025-10-21 20:15:00.544833,sudo su,admin,1,1,41
43282,2025-10-22 12:16:18.544833,echo 'test' > /tmp/test.txt,admin,1,0,19
37162,2025-10-21 18:00:06.544833,nc -lvp 4444,user1,0,0,27
96827,2025-10-21 19:12:30.544833,echo 'test' > /tmp/test.txt,root,0,1,26
57778,2025-10-22 13:32:40.544833,sudo su,root,0,255,42
74417,2025-10-21 17:39:53.544833,cat /etc/passwd,admin,1,255,24
18169,2025-10-21 19:10:48.544833,echo '12345' | sudo -S shutdown -h now,user1,0,1,54
77015,2025-10-21 19:13:45.544833,sudo rm -rf /,guest,0,1,91
28453,2025-10-21 18:10:11.544833,sudo rm -rf /,user1,0,1,91
95335,2025-10-22 08:54:16.544833,echo 'admin' | sudo -S passwd,admin,1,1,56
24144,2025-10-22 15:02:28.544833,ls | grep secret,root,0,1,0
27295,2025-10-21 20:02:09.544833,echo 'admin' | sudo -S passwd,johndoe,0,0,58
47497,2025-10-21 20:44:47.544833,ps aux,admin,1,255,17
74900,2025-10-21 23:40:21.544833,sudo rm -rf /,guest,0,1,85
40282,2025-10-22 06:57:05.544833,nc -lvp 4444,user1,0,1,13
47731,2025-10-22 15:27:04.544833,sudo rm -rf /,johndoe,0,1,100
68686,2025-10-22 15:41:48.544833,cat /etc/passwd,user1,0,1,10
32876,2025-10-22 11:19:13.544833,ls -l,admin,1,255,5
81819,2025-10-21 19:02:35.544833,sudo su,user1,0,1,59
73074,2025-10-22 00:15:20.544833,sudo su,johndoe,0,0,49
40936,2025-10-22 12:44:41.544833,echo 'admin' | sudo -S passwd,johndoe,0,0,50
61856,2025-10-21 20:26:56.544833,ls | grep secret,johndoe,0,0,28
83707,2025-10-22 02:26:55.544833,chmod 777 /etc/passwd,root,0,255,87
56731,2025-10-22 10:57:43.544833,echo 'test' > /tmp/test.txt,user1,0,255,1
56333,2025-10-22 09:52:04.544833,sudo rm -rf /,root,0,255,100
55254,2025-10-22 09:19:37.544833,wget https://example.com,user1,0,1,60
42688,2025-10-22 00:18:33.544833,echo 'test' > /tmp/test.txt,admin,1,0,26
37948,2025-10-22 16:29:23.544833,ls | grep secret,root,0,1,4
19919,2025-10-21 18:40:09.544833,sudo su,guest,0,1,54
99865,2025-10-22 01:01:33.544833,sudo su,admin,1,1,41
52926,2025-10-21 18:02:01.544833,echo 'admin' | sudo -S passwd,guest,0,1,45
41281,2025-10-22 02:50:38.544833,ps aux,admin,1,255,17
30553,2025-10-21 18:27:06.544833,curl http://malicious-site.com,root,0,255,53
43511,2025-10-22 10:46:26.544833,ls | grep secret,root,0,1,16
24067,2025-10-21 18:20:33.544833,ls -l,root,0,1,11
92809,2025-10-22 14:40:22.544833,curl http://malicious-site.com,admin,1,0,59
73134,2025-10-22 01:35:31.544833,ls -l,root,0,0,9
75835,2025-10-22 05:27:36.544833,echo 'admin' | sudo -S passwd,root,0,255,47
82068,2025-10-22 03:19:10.544833,echo 'admin' | sudo -S passwd,admin,1,0,53
39786,2025-10-21 22:54:05.544833,chmod +x exploit.sh,user1,0,0,58
83356,2025-10-22 13:30:48.544833,echo '12345' | sudo -S shutdown -h now,admin,1,255,60
92577,2025-10-22 14:26:31.544833,ls -l,johndoe,0,0,29
97142,2025-10-22 01:34:29.544833,ls | grep secret,user1,0,255,8
60885,2025-10-21 18:51:57.544833,sudo rm -rf /,root,0,1,95
22565,2025-10-21 23:09:18.544833,ps aux,root,0,0,28
98817,2025-10-22 08:30:04.544833,chmod 777 /etc/passwd,user1,0,0,92
75196,2025-10-22 09:25:47.544833,ls -l,guest,0,255,12
56260,2025-10-22 03:31:07.544833,chmod +x exploit.sh,johndoe,0,255,43
54574,2025-10-22 11:24:10.544833,curl http://malicious-site.com,guest,0,1,50
83190,2025-10-22 15:33:53.544833,ps aux,user1,0,255,16
65475,2025-10-22 08:50:22.544833,chmod +x exploit.sh,johndoe,0,1,45
46836,2025-10-22 05:18:51.544833,echo '12345' | sudo -S shutdown -h now,admin,1,255,43
25356,2025-10-22 11:00:28.544833,chmod 777 /etc/passwd,johndoe,0,255,90
59971,2025-10-22 15:20:54.544833,chmod 777 /etc/passwd,root,0,0,95
62690,2025-10-22 12:36:14.544833,ls -l,admin,1,1,24
99144,2025-10-22 05:37:36.544833,ls -l,user1,0,0,19
